pontoId,lat_pred,lon_pred
2818.0,-8.063298,-34.89735
212.0,-8.075993,-34.9
500.0,-8.074786,-34.89119
2094.0,-8.066877,-34.896736
1790.0,-8.068924,-34.900787
865.0,-8.072913,-34.90093
2337.0,-8.066359,-34.895332
1887.0,-8.068608,-34.88935
581.0,-8.074067,-34.89054
1483.0,-8.070037,-34.90111
2355.0,-8.065732,-34.89346
2705.0,-8.063955,-34.894146
423.0,-8.075948,-34.895767
522.0,-8.074606,-34.900345
1664.0,-8.069492,-34.895668
2100.0,-8.068349,-34.890266
1306.0,-8.069849,-34.890957
2343.0,-8.066017,-34.89708
2815.0,-8.062923,-34.90142
2518.0,-8.065351,-34.886803
543.0,-8.074251,-34.89081
472.0,-8.075139,-34.893818
877.0,-8.072157,-34.897064
1126.0,-8.070953,-34.892334
2500.0,-8.065096,-34.893475
2331.0,-8.066752,-34.89357
2528.0,-8.064896,-34.88716
2843.0,-8.062167,-34.887363
793.0,-8.07262,-34.896572
2248.0,-8.066415,-34.895348
2162.0,-8.066846,-34.892975
2353.0,-8.06624,-34.888874
116.0,-8.077072,-34.899597
914.0,-8.072607,-34.90086
154.0,-8.076588,-34.896587
780.0,-8.072982,-34.89094
1001.0,-8.072005,-34.892136
163.0,-8.076504,-34.89632
266.0,-8.075907,-34.894352
2762.0,-8.063325,-34.90145
2238.0,-8.066644,-34.89586
419.0,-8.075821,-34.89594
1590.0,-8.069554,-34.89479
1721.0,-8.068861,-34.888912
409.0,-8.075273,-34.892956
2172.0,-8.066779,-34.89376
392.0,-8.075327,-34.892994
1648.0,-8.069527,-34.89095
1090.0,-8.071942,-34.895294
755.0,-8.07317,-34.896667
94.0,-8.077215,-34.899574
180.0,-8.076214,-34.896004
2718.0,-8.06367,-34.886135
2719.0,-8.063988,-34.90156
198.0,-8.076351,-34.89625
1502.0,-8.069557,-34.896378
1637.0,-8.06941,-34.898327
2626.0,-8.064572,-34.89334
9.0,-8.077536,-34.899487
655.0,-8.073599,-34.89815
1889.0,-8.068481,-34.8966
2557.0,-8.064711,-34.88557
1681.0,-8.06932,-34.896835
742.0,-8.072931,-34.89671
1410.0,-8.069842,-34.89409
748.0,-8.073074,-34.900936
2539.0,-8.065006,-34.893715
2529.0,-8.065288,-34.88935
1173.0,-8.07018,-34.898
491.0,-8.074831,-34.891365
256.0,-8.0760565,-34.899956
271.0,-8.075907,-34.895313
859.0,-8.071102,-34.89181
2312.0,-8.0666065,-34.893692
2774.0,-8.063189,-34.886497
1015.0,-8.072315,-34.896862
248.0,-8.075955,-34.900036
2814.0,-8.063216,-34.896336
1129.0,-8.070946,-34.900925
1113.0,-8.071274,-34.895477
654.0,-8.073858,-34.890453
514.0,-8.074532,-34.900295
1717.0,-8.068866,-34.89971
2089.0,-8.068834,-34.890842
2896.0,-8.061581,-34.902554
2826.0,-8.063005,-34.888416
1249.0,-8.070852,-34.892418
230.0,-8.076657,-34.896523
537.0,-8.074438,-34.890884
2840.0,-8.062219,-34.887325
2805.0,-8.063126,-34.897114
739.0,-8.073231,-34.89683
2445.0,-8.065743,-34.890423
1308.0,-8.070036,-34.893887
2488.0,-8.065488,-34.897392
285.0,-8.076098,-34.900066
873.0,-8.073666,-34.900635
290.0,-8.075675,-34.900143
541.0,-8.074299,-34.900444
2691.0,-8.063899,-34.888218
127.0,-8.076232,-34.899967
2625.0,-8.064212,-34.88561
2778.0,-8.063467,-34.888264
721.0,-8.073129,-34.891273
1733.0,-8.069267,-34.89533
1709.0,-8.068849,-34.888897
332.0,-8.075556,-34.894466
481.0,-8.074844,-34.89169
664.0,-8.073722,-34.898705
2230.0,-8.066878,-34.893734
1743.0,-8.069136,-34.900726
1441.0,-8.070245,-34.897114
1047.0,-8.071847,-34.89221
570.0,-8.074503,-34.9004
32.0,-8.077525,-34.89935
2305.0,-8.066529,-34.89601
2950.0,-8.059278,-34.90698
2021.0,-8.068594,-34.896984
623.0,-8.07413,-34.899643
962.0,-8.072286,-34.892765
2786.0,-8.063843,-34.89759
2247.0,-8.066522,-34.89316
1452.0,-8.070116,-34.897594
171.0,-8.0758505,-34.90014
1281.0,-8.070245,-34.893578
435.0,-8.075813,-34.9001
616.0,-8.074142,-34.8905
813.0,-8.072343,-34.896694
2573.0,-8.064878,-34.889538
2433.0,-8.065694,-34.88999
302.0,-8.0759535,-34.896263
1825.0,-8.068972,-34.89578
21.0,-8.077642,-34.899563
2304.0,-8.066923,-34.893494
2212.0,-8.066742,-34.893646
2706.0,-8.063691,-34.897198
1592.0,-8.0693,-34.900726
1443.0,-8.069775,-34.89804
1245.0,-8.070906,-34.892166
415.0,-8.075321,-34.892937
2560.0,-8.064862,-34.89387
2470.0,-8.065428,-34.89246
1100.0,-8.071495,-34.900887
990.0,-8.072394,-34.891823
347.0,-8.075554,-34.900135
1673.0,-8.068712,-34.899975
1963.0,-8.068679,-34.896233
1570.0,-8.0695095,-34.89479
2108.0,-8.068395,-34.900055
566.0,-8.073934,-34.900482
2554.0,-8.064981,-34.885506
1767.0,-8.068776,-34.8908
2347.0,-8.0660515,-34.889008
2675.0,-8.0719185,-34.900826
1107.0,-8.068492,-34.897133
1954.0,-8.063731,-34.894035
2690.0,-8.063104,-34.886494
2759.0,-8.07566,-34.900154
384.0,-8.068607,-34.90034
1876.0,-8.068631,-34.899895
2047.0,-8.063398,-34.888214
2760.0,-8.063806,-34.894222
2659.0,-8.066461,-34.8892
2333.0,-8.072649,-34.895786
812.0,-8.070184,-34.90098
1315.0,-8.074421,-34.900394
505.0,-8.06331,-34.896553
2717.0,-8.076865,-34.897316
119.0,-8.07027,-34.896812
1349.0,-8.066396,-34.889503
2303.0,-8.059412,-34.90686
2944.0,-8.076379,-34.8965
176.0,-8.06167,-34.902466
2894.0,-8.0748205,-34.891636
495.0,-8.064858,-34.893208
2602.0,-8.06816,-34.896595
2050.0,-8.068925,-34.899582
1812.0,-8.076064,-34.90004
125.0,-8.069015,-34.890625
2118.0,-8.069274,-34.900696
1703.0,-8.073774,-34.898895
652.0,-8.076049,-34.895744
194.0,-8.06459,-34.896927
2537.0,-8.067426,-34.901028
2129.0,-8.076163,-34.89544
280.0,-8.068558,-34.88939
1961.0,-8.062088,-34.901997
2873.0,-8.069694,-34.897865
1434.0,-8.068835,-34.896038
2030.0,-8.072838,-34.896564
817.0,-8.066686,-34.893784
2178.0,-8.060208,-34.905968
2938.0,-8.075839,-34.900146
283.0,-8.065737,-34.889996
2438.0,-8.075901,-34.900047
331.0,-8.060966,-34.90514
2924.0,-8.072402,-34.896408
798.0,-8.0759535,-34.896046
247.0,-8.063236,-34.89595
2748.0,-8.077347,-34.89927
24.0,-8.0691395,-34.89556
1746.0,-8.066926,-34.896755
2169.0,-8.070556,-34.901077
1378.0,-8.07726,-34.8987
71.0,-8.072334,-34.89488
869.0,-8.068299,-34.90016
2066.0,-8.074229,-34.900143
582.0,-8.075912,-34.894176
299.0,-8.076151,-34.900032
131.0,-8.063219,-34.89547
2742.0,-8.074726,-34.900383
559.0,-8.073511,-34.898464
670.0,-8.070123,-34.893696
1263.0,-8.075576,-34.900124
475.0,-8.071016,-34.89718
1095.0,-8.075566,-34.900127
303.0,-8.07291,-34.896217
767.0,-8.0687895,-34.889896
1883.0,-8.068837,-34.89017
1760.0,-8.064691,-34.893856
2582.0,-8.064984,-34.89387
2497.0,-8.075511,-34.89379
388.0,-8.070226,-34.89349
1250.0,-8.070486,-34.892826
1242.0,-8.068596,-34.89662
1958.0,-8.074014,-34.89964
636.0,-8.0609045,-34.905178
2923.0,-8.068875,-34.896313
1849.0,-8.069068,-34.900696
1763.0,-8.069149,-34.898014
1912.0,-8.068668,-34.896137
1846.0,-8.072544,-34.896553
921.0,-8.072038,-34.890987
884.0,-8.071276,-34.89163
1149.0,-8.070399,-34.89672
1299.0,-8.060823,-34.905216
2930.0,-8.065058,-34.89317
2579.0,-8.064665,-34.88518
2591.0,-8.068311,-34.890263
2095.0,-8.070865,-34.900963
1130.0,-8.074727,-34.89125
525.0,-8.068673,-34.89638
1923.0,-8.075324,-34.900215
312.0,-8.074772,-34.89164
474.0,-8.062254,-34.901836
2834.0,-8.069701,-34.89784
1487.0,-8.069991,-34.893887
1233.0,-8.06867,-34.89618
1808.0,-8.070829,-34.891876
1135.0,-8.072147,-34.89179
895.0,-8.075663,-34.900185
439.0,-8.0753975,-34.892887
394.0,-8.071726,-34.89735
1084.0,-8.0748,-34.891846
463.0,-8.065656,-34.889362
2514.0,-8.062175,-34.88741
2809.0,-8.064171,-34.894367
2612.0,-8.068972,-34.895947
1989.0,-8.076237,-34.89994
150.0,-8.070489,-34.896576
1325.0,-8.0685005,-34.89672
1838.0,-8.069568,-34.89458
1449.0,-8.06704,-34.896816
2139.0,-8.065923,-34.89658
2354.0,-8.066042,-34.896935
2360.0,-8.069341,-34.897827
1482.0,-8.06935,-34.89082
1640.0,-8.066655,-34.89595
2302.0,-8.063163,-34.886536
845.0,-8.066604,-34.89547
2725.0,-8.069296,-34.900486
2279.0,-8.06696,-34.89285
1620.0,-8.064256,-34.89448
2114.0,-8.074205,-34.90026
2600.0,-8.068542,-34.896606
589.0,-8.069052,-34.88865
1970.0,-8.074794,-34.89127
1884.0,-8.070848,-34.901016
496.0,-8.072429,-34.89187
1146.0,-8.070279,-34.89332
1011.0,-8.077211,-34.899612
1416.0,-8.07376,-34.89073
102.0,-8.068766,-34.89617
632.0,-8.070914,-34.901024
1644.0,-8.068985,-34.88977
1190.0,-8.075976,-34.899956
1832.0,-8.077121,-34.897995
239.0,-8.07055,-34.89278
110.0,-8.063596,-34.897274
1216.0,-8.075327,-34.89432
2650.0,-8.076245,-34.896023
344.0,-8.069851,-34.89024
252.0,-8.068719,-34.890236
1422.0,-8.070457,-34.893402
1667.0,-8.073701,-34.90066
1287.0,-8.072517,-34.892673
698.0,-8.069862,-34.89099
900.0,-8.070269,-34.897144
1371.0,-8.070722,-34.892334
1495.0,-8.073116,-34.896553
1255.0,-8.065451,-34.89354
777.0,-8.066842,-34.89285
2543.0,-8.076066,-34.895557
2207.0,-8.077537,-34.8993
243.0,-8.0620575,-34.902065
10.0,-8.066665,-34.895542
2875.0,-8.070439,-34.897274
2257.0,-8.075868,-34.895443
1271.0,-8.066612,-34.8953
424.0,-8.068689,-34.896446
2266.0,-8.070148,-34.89363
1982.0,-8.072836,-34.896652
1436.0,-8.072091,-34.900867
833.0,-8.075652,-34.894184
1020.0,-8.066564,-34.89544
276.0,-8.068549,-34.890114
2314.0,-8.072108,-34.892033
1915.0,-8.069502,-34.8908
902.0,-8.0696335,-34.895733
1600.0,-8.064062,-34.89747
1599.0,-8.071813,-34.90087
2615.0,-8.072827,-34.900925
1004.0,-8.062332,-34.887424
795.0,-8.069103,-34.89554
2824.0,-8.070632,-34.89658
1734.0,-8.068662,-34.89854
1295.0,-8.069561,-34.89059
1999.0,-8.063244,-34.89557
1685.0,-8.071472,-34.89527
2743.0,-8.064458,-34.896706
1079.0,-8.077259,-34.898533
2510.0,-8.075974,-34.899994
62.0,-8.075938,-34.895966
369.0,-8.077432,-34.89905
281.0,-8.060896,-34.905167
60.0,-8.076128,-34.895973
2914.0,-8.071257,-34.891033
214.0,-8.072914,-34.89668
1144.0,-8.077447,-34.899433
750.0,-8.071217,-34.89192
2.0,-8.070319,-34.89326
1215.0,-8.065495,-34.892605
1469.0,-8.06679,-34.895462
2477.0,-8.072504,-34.896236
2258.0,-8.070124,-34.893753
907.0,-8.068684,-34.890526
1252.0,-8.0686865,-34.88931
1776.0,-8.072375,-34.89676
1965.0,-8.073121,-34.89791
835.0,-8.07486,-34.89202
687.0,-8.071224,-34.891506
469.0,-8.071173,-34.89108
1277.0,-8.069806,-34.8901
1223.0,-8.070001,-34.893932
1463.0,-8.072368,-34.90086
1506.0,-8.072674,-34.89654
1014.0,-8.075476,-34.893764
944.0,-8.06575,-34.890583
348.0,-8.066384,-34.896618
2413.0,-8.068693,-34.89662
2290.0,-8.07324,-34.894672
2012.0,-8.069048,-34.895706
719.0,-8.068997,-34.895977
1751.0,-8.069479,-34.89082
1805.0,-8.063959,-34.89442
1615.0,-8.069003,-34.888653
2633.0,-8.068727,-34.889236
1872.0,-8.073929,-34.899628
1993.0,-8.068769,-34.889095
608.0,-8.059314,-34.90695
1979.0,-8.069435,-34.895363
2948.0,-8.063833,-34.89743
1636.0,-8.076399,-34.89626
2627.0,-8.070225,-34.893536
184.0,-8.0674095,-34.89681
1400.0,-8.070927,-34.89186
2115.0,-8.065863,-34.889072
1106.0,-8.070563,-34.8968
2363.0,-8.068466,-34.897346
1208.0,-8.064938,-34.887123
1925.0,-8.069837,-34.894196
2532.0,-8.0701475,-34.896988
1333.0,-8.068743,-34.896164
1309.0,-8.070188,-34.89744
1924.0,-8.06778,-34.892334
1457.0,-8.076689,-34.896843
2076.0,-8.075458,-34.893547
144.0,-8.074766,-34.891308
353.0,-8.071231,-34.89207
471.0,-8.065682,-34.89055
1097.0,-8.075843,-34.894207
2429.0,-8.064738,-34.893276
269.0,-8.074828,-34.89185
2594.0,-8.071982,-34.892
478.0,-8.076306,-34.89609
1081.0,-8.06944,-34.89498
218.0,-8.070192,-34.901142
1622.0,-8.072073,-34.892
1508.0,-8.07258,-34.89631
1032.0,-8.072546,-34.89646
818.0,-8.07029,-34.893494
915.0,-8.0674715,-34.89678
1247.0,-8.064134,-34.89755
2171.0,-8.066957,-34.894024
2603.0,-8.068933,-34.89034
2193.0,-8.076499,-34.896954
1723.0,-8.063293,-34.897274
138.0,-8.063863,-34.88594
2801.0,-8.075552,-34.900223
2688.0,-8.075529,-34.900154
459.0,-8.068898,-34.88869
450.0,-8.066612,-34.895393
1724.0,-8.06426,-34.88567
2309.0,-8.068854,-34.897022
2645.0,-8.077479,-34.899437
1886.0,-8.059425,-34.906857
4.0,-8.071189,-34.89144
2945.0,-8.066125,-34.896626
1276.0,-8.066851,-34.89376
2298.0,-8.064914,-34.893234
2167.0,-8.059319,-34.90696
2585.0,-8.071838,-34.892136
2947.0,-8.072234,-34.894604
1028.0,-8.077343,-34.89901
897.0,-8.072714,-34.90077
55.0,-8.065276,-34.889412
761.0,-8.063273,-34.897194
2561.0,-8.066698,-34.89534
2810.0,-8.070779,-34.89219
2250.0,-8.074429,-34.900314
1270.0,-8.07095,-34.89176
590.0,-8.075543,-34.90012
1280.0,-8.069567,-34.89711
457.0,-8.066505,-34.89553
1415.0,-8.07206,-34.89238
2267.0,-8.0755005,-34.90025
993.0,-8.075529,-34.900234
466.0,-8.062264,-34.901917
406.0,-8.076588,-34.896996
2831.0,-8.07623,-34.8964
115.0,-8.070437,-34.89327
246.0,-8.0731125,-34.89075
1318.0,-8.070492,-34.89733
706.0,-8.070387,-34.897213
1184.0,-8.073589,-34.897713
1313.0,-8.068797,-34.899685
682.0,-8.072064,-34.90087
1782.0,-8.072551,-34.89667
1060.0,-8.063393,-34.897396
946.0,-8.0696125,-34.89471
2696.0,-8.073009,-34.890926
1581.0,-8.070716,-34.892834
794.0,-8.066044,-34.889633
1238.0,-8.073709,-34.898773
2318.0,-8.075794,-34.900177
643.0,-8.064977,-34.901466
401.0,-8.072065,-34.89232
2531.0,-8.076906,-34.897522
1008.0,-8.066927,-34.893974
129.0,-8.063653,-34.897587
2184.0,-8.070191,-34.893604
2773.0,-8.063878,-34.897415
1339.0,-8.072086,-34.890995
2756.0,-8.063099,-34.88648
879.0,-8.059251,-34.906998
2789.0,-8.070999,-34.897026
2953.0,-8.075412,-34.89352
1118.0,-8.076116,-34.899994
389.0,-8.065875,-34.88955
242.0,-8.073775,-34.90054
2453.0,-8.074846,-34.892227
630.0,-8.070029,-34.896408
449.0,-8.063685,-34.894077
1289.0,-8.068576,-34.896824
2708.0,-8.066713,-34.895878
2014.0,-8.072226,-34.894894
2259.0,-8.0701475,-34.89367
935.0,-8.074324,-34.900436
1419.0,-8.071698,-34.897236
677.0,-8.068098,-34.892666
1077.0,-8.076071,-34.89436
2042.0,-8.069262,-34.89536
273.0,-8.070708,-34.901005
1675.0,-8.068877,-34.9007
1278.0,-8.060932,-34.905163
1819.0,-8.072063,-34.892178
2905.0,-8.073126,-34.89695
987.0,-8.073049,-34.900814
741.0,-8.07109,-34.897102
692.0,-8.074031,-34.890717
1164.0,-8.073717,-34.89813
597.0,-8.068823,-34.88977
667.0,-8.069214,-34.891098
1895.0,-8.068807,-34.900436
2001.0,-8.062215,-34.887463
1858.0,-8.073247,-34.8949
2866.0,-8.071578,-34.90086
561.0,-8.070357,-34.896553
1117.0,-8.075482,-34.90012
1433.0,-8.063881,-34.885967
477.0,-8.064974,-34.885437
2698.0,-8.06664,-34.893238
2546.0,-8.069137,-34.89094
2261.0,-8.06995,-34.90104
2008.0,-8.063918,-34.885944
1456.0,-8.069003,-34.899483
2683.0,-8.071497,-34.897526
1696.0,-8.063197,-34.897434
1086.0,-8.069012,-34.899704
2796.0,-8.0608,-34.9052
1755.0,-8.070215,-34.897476
2921.0,-8.066885,-34.901196
1418.0,-8.06599,-34.896545
2235.0,-8.068964,-34.895874
2358.0,-8.069021,-34.89575
1759.0,-8.072395,-34.89238
1713.0,-8.065779,-34.896614
982.0,-8.068749,-34.889683
2359.0,-8.061741,-34.90242
1911.0,-8.071713,-34.900894
2890.0,-8.076092,-34.89581
1089.0,-8.071266,-34.89201
191.0,-8.068926,-34.895916
1092.0,-8.074693,-34.89373
1714.0,-8.066729,-34.892803
498.0,-8.069512,-34.89067
2192.0,-8.066697,-34.89315
2031.0,-8.075792,-34.896164
2236.0,-8.066953,-34.893425
321.0,-8.063994,-34.88577
2269.0,-8.068764,-34.896236
2679.0,-8.065913,-34.89063
1986.0,-8.074637,-34.890854
2401.0,-8.065009,-34.885513
508.0,-8.075684,-34.89416
2549.0,-8.077334,-34.89881
333.0,-8.07488,-34.891346
76.0,-8.0688,-34.89619
448.0,-8.076514,-34.896286
1669.0,-8.061655,-34.902508
203.0,-8.06635,-34.889225
2893.0,-8.07322,-34.896706
2326.0,-8.0774,-34.899506
1003.0,-8.061871,-34.902283
5.0,-8.061652,-34.902508
2878.0,-8.06352,-34.888283
2899.0,-8.069212,-34.895416
2738.0,-8.068832,-34.88907
1649.0,-8.072415,-34.8967
2004.0,-8.072916,-34.896824
904.0,-8.074461,-34.900326
829.0,-8.075947,-34.895687
588.0,-8.071852,-34.891773
162.0,-8.061866,-34.902252
1067.0,-8.065798,-34.890606
2846.0,-8.077163,-34.89954
2394.0,-8.063618,-34.89707
108.0,-8.068345,-34.892105
2722.0,-8.067781,-34.896805
2036.0,-8.068559,-34.900204
2149.0,-8.0766,-34.89641
2073.0,-8.075936,-34.896
196.0,-8.073422,-34.89684
234.0,-8.066715,-34.896328
720.0,-8.068088,-34.89217
2251.0,-8.070378,-34.89322
2075.0,-8.075787,-34.89627
1214.0,-8.069268,-34.8898
381.0,-8.076005,-34.89622
1635.0,-8.071131,-34.891647
226.0,-8.076238,-34.895924
1195.0,-8.075876,-34.895412
227.0,-8.07015,-34.897476
402.0,-8.068754,-34.900005
1351.0,-8.065679,-34.89019
1775.0,-8.07147,-34.897038
2418.0,-8.068719,-34.88922
1137.0,-8.064151,-34.89686
1956.0,-8.069125,-34.895817
2732.0,-8.077049,-34.899612
1653.0,-8.06676,-34.901173
93.0,-8.077422,-34.89892
2256.0,-8.065747,-34.889553
64.0,-8.068717,-34.890396
2426.0,-8.069559,-34.89793
2113.0,-8.066618,-34.8955
1538.0,-8.06948,-34.895382
2292.0,-8.075905,-34.90006
1643.0,-8.07241,-34.89461
297.0,-8.075562,-34.900143
860.0,-8.0775795,-34.89948
464.0,-8.064088,-34.896847
22.0,-8.0635,-34.887966
2614.0,-8.065363,-34.89317
2788.0,-8.065579,-34.88717
2523.0,-8.068651,-34.900486
2375.0,-8.061465,-34.90266
1824.0,-8.069633,-34.889988
2895.0,-8.064576,-34.901592
1385.0,-8.063126,-34.888496
2684.0,-8.072314,-34.896923
2792.0,-8.069816,-34.897938
1009.0,-8.075612,-34.90014
1557.0,-8.072501,-34.89654
451.0,-8.068883,-34.90034
927.0,-8.061022,-34.90511
1868.0,-8.071223,-34.891186
2909.0,-8.069774,-34.897747
1268.0,-8.071325,-34.891457
1468.0,-8.075287,-34.893105
1125.0,-8.074156,-34.90033
393.0,-8.067069,-34.901028
604.0,-8.066797,-34.89355
2208.0,-8.074441,-34.900383
2240.0,-8.068704,-34.89623
576.0,-8.060944,-34.9052
1875.0,-8.069509,-34.894745
2911.0,-8.070334,-34.893715
1540.0,-8.062243,-34.887363
1360.0,-8.069497,-34.894974
2862.0,-8.069026,-34.89715
1579.0,-8.065226,-34.88739
1769.0,-8.064593,-34.887844
2435.0,-8.076042,-34.900024
2647.0,-8.066664,-34.895515
135.0,-8.075282,-34.894047
2291.0,-8.071337,-34.897125
308.0,-8.07236,-34.896763
1152.0,-8.068393,-34.897236
875.0,-8.07212,-34.894596
1967.0,-8.07651,-34.896202
961.0,-8.071495,-34.90093
181.0,-8.076171,-34.89987
1140.0,-8.07122,-34.891727
122.0,-8.07402,-34.90016
1229.0,-8.076899,-34.897808
634.0,-8.068643,-34.900654
104.0,-8.072289,-34.90088
1852.0,-8.066879,-34.892944
989.0,-8.074223,-34.890583
2330.0,-8.070698,-34.896774
548.0,-8.0643215,-34.893642
1305.0,-8.070562,-34.893154
2687.0,-8.074099,-34.90054
1240.0,-8.070732,-34.90097
645.0,-8.075922,-34.900005
1239.0,-8.065353,-34.893665
300.0,-8.069831,-34.894207
2550.0,-8.066613,-34.89526
1440.0,-8.073546,-34.900642
2205.0,-8.069251,-34.889736
679.0,-8.073322,-34.89754
1853.0,-8.071932,-34.89674
708.0,-8.06951,-34.890987
1010.0,-8.064781,-34.89313
1535.0,-8.068484,-34.896957
2595.0,-8.075942,-34.900066
1971.0,-8.0688,-34.889027
359.0,-8.072453,-34.892517
1921.0,-8.062304,-34.887367
939.0,-8.065195,-34.893227
2820.0,-8.073638,-34.898228
2563.0,-8.069214,-34.900806
668.0,-8.070539,-34.896236
1707.0,-8.074386,-34.890915
1256.0,-8.064675,-34.885452
545.0,-8.076408,-34.896465
2566.0,-8.071733,-34.900852
189.0,-8.066525,-34.893616
998.0,-8.070953,-34.90101
2272.0,-8.069574,-34.894783
1122.0,-8.068717,-34.900436
1563.0,-8.068558,-34.900368
1855.0,-8.066606,-34.895435
1871.0,-8.065711,-34.891777
2300.0,-8.07428,-34.900475
2386.0,-8.062934,-34.901424
534.0,-8.075904,-34.90008
2822.0,-8.066775,-34.89649
222.0,-8.07236,-34.89671
2281.0,-8.070734,-34.892086
1049.0,-8.077292,-34.898785
1172.0,-8.068688,-34.890137
52.0,-8.074312,-34.900352
2087.0,-8.073578,-34.894054
531.0,-8.070454,-34.89658
613.0,-8.065269,-34.887295
1334.0,-8.070036,-34.89693
2461.0,-8.0712385,-34.891624
1319.0,-8.076184,-34.895947
1165.0,-8.072305,-34.894783
207.0,-8.070056,-34.893818
925.0,-8.075345,-34.893635
1320.0,-8.063271,-34.895386
434.0,-8.07373,-34.89812
2746.0,-8.075659,-34.900158
671.0,-8.068672,-34.900578
339.0,-8.07619,-34.899982
1881.0,-8.069812,-34.894196
145.0,-8.073176,-34.900814
1472.0,-8.068837,-34.895462
661.0,-8.072762,-34.894646
631.0,-8.072184,-34.891445
1697.0,-8.07607,-34.899998
772.0,-8.073038,-34.896667
886.0,-8.064833,-34.893677
341.0,-8.064672,-34.885258
820.0,-8.069391,-34.897377
2570.0,-8.069629,-34.894882
2578.0,-8.068491,-34.898327
1843.0,-8.070395,-34.89655
1559.0,-8.067566,-34.896664
1938.0,-8.064715,-34.88749
1354.0,-8.072123,-34.89695
1955.0,-8.064407,-34.888443
2538.0,-8.06525,-34.887714
1054.0,-8.070485,-34.896465
2623.0,-8.070194,-34.89357
2487.0,-8.074313,-34.90028
1425.0,-8.069758,-34.89663
1384.0,-8.065664,-34.8919
617.0,-8.065683,-34.890614
1659.0,-8.068301,-34.89059
2454.0,-8.073003,-34.89612
2428.0,-8.074369,-34.890812
2057.0,-8.074236,-34.90046
858.0,-8.065703,-34.890095
549.0,-8.073723,-34.89908
560.0,-8.072533,-34.89656
2422.0,-8.066531,-34.88953
649.0,-8.07302,-34.896442
787.0,-8.075635,-34.89402
2287.0,-8.077657,-34.89947
754.0,-8.072219,-34.896362
350.0,-8.07004,-34.891
28.0,-8.069428,-34.889847
807.0,-8.0690155,-34.89045
1444.0,-8.069524,-34.889614
1432.0,-8.0739565,-34.899555
1626.0,-8.076146,-34.89997
1430.0,-8.065728,-34.890553
601.0,-8.0627575,-34.888268
187.0,-8.069266,-34.890926
2419.0,-8.07371,-34.900715
2829.0,-8.071337,-34.89119
1517.0,-8.065448,-34.886765
644.0,-8.070118,-34.89615
1188.0,-8.06914,-34.895412
2499.0,-8.074192,-34.890675
1352.0,-8.063972,-34.885876
1698.0,-8.07656,-34.896187
558.0,-8.066703,-34.896107
2680.0,-8.074212,-34.89086
260.0,-8.068462,-34.889923
2276.0,-8.065757,-34.89059
610.0,-8.07033,-34.89305
2051.0,-8.07703,-34.89959
2397.0,-8.073887,-34.89088
1241.0,-8.072744,-34.896645
113.0,-8.065462,-34.89262
690.0,-8.073918,-34.900646
790.0,-8.075206,-34.89285
2534.0,-8.068782,-34.896187
716.0,-8.066634,-34.89539
413.0,-8.069674,-34.89596
1897.0,-8.075442,-34.89343
2223.0,-8.068856,-34.89093
1616.0,-8.068814,-34.900482
352.0,-8.063133,-34.886448
1901.0,-8.069555,-34.88957
1856.0,-8.070074,-34.897175
2764.0,-8.071184,-34.89192
1862.0,-8.072638,-34.89632
1405.0,-8.0692835,-34.900784
1161.0,-8.073329,-34.89735
906.0,-8.06938,-34.890797
1650.0,-8.070644,-34.901066
715.0,-8.073685,-34.8981
1533.0,-8.067984,-34.892303
1194.0,-8.077463,-34.899273
669.0,-8.077419,-34.89897
2037.0,-8.071208,-34.891994
11.0,-8.0765085,-34.896305
54.0,-8.062921,-34.888485
1141.0,-8.063325,-34.89547
228.0,-8.074121,-34.899685
2830.0,-8.066653,-34.895535
2750.0,-8.070882,-34.90095
611.0,-8.070057,-34.893898
2218.0,-8.071111,-34.89154
1138.0,-8.077595,-34.899323
1279.0,-8.065686,-34.890385
1088.0,-8.063869,-34.894276
29.0,-8.0647,-34.88844
2447.0,-8.07414,-34.899666
2676.0,-8.069637,-34.897984
2715.0,-8.077316,-34.89854
583.0,-8.069114,-34.88999
1550.0,-8.074462,-34.90034
41.0,-8.063986,-34.885773
1786.0,-8.068592,-34.89125
614.0,-8.072353,-34.894894
2653.0,-8.077156,-34.89961
1839.0,-8.0714,-34.89769
871.0,-8.069212,-34.89538
63.0,-8.069743,-34.894386
1091.0,-8.076039,-34.90003
1647.0,-8.066376,-34.889183
1510.0,-8.070176,-34.89367
309.0,-8.06869,-34.890003
2441.0,-8.077335,-34.89938
1462.0,-8.070204,-34.89358
1771.0,-8.066836,-34.89363
79.0,-8.076641,-34.897076
1375.0,-8.070652,-34.89681
2138.0,-8.0633335,-34.8965
121.0,-8.0761595,-34.89587
1290.0,-8.074183,-34.900196
2749.0,-8.076536,-34.896435
190.0,-8.065036,-34.88709
584.0,-8.074733,-34.900394
146.0,-8.064733,-34.90158
2535.0,-8.072453,-34.896797
592.0,-8.07415,-34.899693
2598.0,-8.072011,-34.89239
854.0,-8.07427,-34.90049
619.0,-8.068947,-34.899693
1026.0,-8.070346,-34.893597
557.0,-8.070223,-34.896618
1842.0,-8.068641,-34.90033
1393.0,-8.075788,-34.894344
1314.0,-8.067555,-34.90087
1863.0,-8.069562,-34.894855
301.0,-8.064747,-34.885307
2151.0,-8.0667925,-34.893932
1544.0,-8.070773,-34.89194
2580.0,-8.062187,-34.887295
2199.0,-8.069534,-34.894836
1186.0,-8.069117,-34.899338
2852.0,-8.070111,-34.897686
1546.0,-8.062241,-34.88743
1683.0,-8.075743,-34.89413
1380.0,-8.070958,-34.891884
2823.0,-8.0681,-34.892326
327.0,-8.072366,-34.89228
1114.0,-8.062249,-34.887478
2048.0,-8.068197,-34.898716
951.0,-8.072324,-34.8968
2858.0,-8.070316,-34.897182
2009.0,-8.07441,-34.900295
931.0,-8.069137,-34.898094
1231.0,-8.075417,-34.893166
620.0,-8.067033,-34.894005
1424.0,-8.064292,-34.88554
398.0,-8.075683,-34.900063
2189.0,-8.069486,-34.895
2621.0,-8.075329,-34.89318
324.0,-8.074413,-34.900368
1609.0,-8.072233,-34.89681
404.0,-8.068537,-34.896645
612.0,-8.072277,-34.89468
926.0,-8.075581,-34.9001
1817.0,-8.063703,-34.888763
1002.0,-8.068425,-34.890488
329.0,-8.070218,-34.901054
2752.0,-8.070134,-34.893658
2110.0,-8.069729,-34.898037
1232.0,-8.063209,-34.901577
1234.0,-8.070376,-34.893684
1558.0,-8.071932,-34.897236
2780.0,-8.063941,-34.885864
1379.0,-8.070121,-34.89357
1043.0,-8.059361,-34.90691
2700.0,-8.0702,-34.896076
1489.0,-8.068686,-34.88931
2951.0,-8.069243,-34.8908
1191.0,-8.0723505,-34.900864
2010.0,-8.062183,-34.887386
1624.0,-8.063697,-34.90165
1044.0,-8.068773,-34.89657
2833.0,-8.077445,-34.899464
2701.0,-8.069534,-34.89103
1992.0,-8.060983,-34.905163
37.0,-8.066096,-34.89699
1551.0,-8.072298,-34.892525
2910.0,-8.0687,-34.890408
2356.0,-8.067247,-34.90096
977.0,-8.06417,-34.894684
2017.0,-8.063853,-34.894314
2168.0,-8.0699005,-34.897724
2632.0,-8.072466,-34.892693
2667.0,-8.06594,-34.89686
1476.0,-8.06198,-34.90214
896.0,-8.065815,-34.891903
2323.0,-8.068551,-34.89658
2876.0,-8.067899,-34.89961
2389.0,-8.065739,-34.890415
1975.0,-8.0659275,-34.892044
2059.0,-8.0639715,-34.885838
2446.0,-8.065705,-34.890423
2382.0,-8.072151,-34.89243
2677.0,-8.065823,-34.89651
2443.0,-8.072612,-34.894775
956.0,-8.077302,-34.898758
2351.0,-8.077497,-34.899464
1050.0,-8.074198,-34.90044
85.0,-8.06634,-34.88959
20.0,-8.066591,-34.895287
563.0,-8.062238,-34.88751
2270.0,-8.072045,-34.89194
2306.0,-8.062231,-34.887554
2836.0,-8.06849,-34.89018
1078.0,-8.0703125,-34.897137
2807.0,-8.071923,-34.891857
2074.0,-8.0683975,-34.896175
1251.0,-8.069672,-34.894405
1094.0,-8.072037,-34.892124
1783.0,-8.065019,-34.90152
1484.0,-8.074082,-34.90052
1023.0,-8.0686655,-34.890438
2492.0,-8.076411,-34.89624
638.0,-8.071982,-34.89658
1906.0,-8.065584,-34.8925
199.0,-8.072742,-34.89667
1000.0,-8.065403,-34.89335
2489.0,-8.06865,-34.896454
866.0,-8.06634,-34.901333
2526.0,-8.0737295,-34.898994
1988.0,-8.066682,-34.89309
2280.0,-8.07372,-34.90068
657.0,-8.069125,-34.89048
2317.0,-8.059394,-34.90688
717.0,-8.065489,-34.887146
1488.0,-8.066841,-34.89382
2946.0,-8.073036,-34.89659
2498.0,-8.067251,-34.89273
2185.0,-8.073797,-34.890667
729.0,-8.076043,-34.89567
2157.0,-8.070113,-34.893738
660.0,-8.072177,-34.891716
250.0,-8.064869,-34.88541
1382.0,-8.065462,-34.89177
992.0,-8.071203,-34.892044
2551.0,-8.077353,-34.899113
2385.0,-8.06229,-34.887558
1116.0,-8.069513,-34.89063
34.0,-8.075623,-34.900215
2871.0,-8.066686,-34.89612
1478.0,-8.060856,-34.905193
346.0,-8.076864,-34.89702
2239.0,-8.072081,-34.897144
2916.0,-8.075918,-34.900112
134.0,-8.06871,-34.90052
1022.0,-8.075574,-34.8938
318.0,-8.06702,-34.893402
1835.0,-8.077389,-34.89942
360.0,-8.069223,-34.900826
2116.0,-8.073645,-34.89422
44.0,-8.064963,-34.89311
1668.0,-8.069324,-34.89098
585.0,-8.065741,-34.89035
2527.0,-8.06885,-34.89099
2019.0,-8.067405,-34.90106
2403.0,-8.073574,-34.897667
1890.0,-8.062185,-34.887417
2120.0,-8.06904,-34.88863
689.0,-8.0655,-34.886833
2802.0,-8.070091,-34.898346
1788.0,-8.066905,-34.89683
2509.0,-8.070131,-34.901054
1500.0,-8.073057,-34.895035
2231.0,-8.070186,-34.893673
1409.0,-8.068616,-34.88924
752.0,-8.0760355,-34.89509
1369.0,-8.071186,-34.89157
1787.0,-8.072503,-34.896244
279.0,-8.068556,-34.896976
1254.0,-8.073532,-34.897038
786.0,-8.059254,-34.90699
2025.0,-8.059419,-34.906837
724.0,-8.072509,-34.896774
2955.0,-8.075936,-34.90009
2941.0,-8.073811,-34.890762
917.0,-8.073395,-34.897194
254.0,-8.066755,-34.893463
683.0,-8.073281,-34.90079
701.0,-8.066914,-34.89306
2217.0,-8.071823,-34.892
816.0,-8.07316,-34.900757
2165.0,-8.072214,-34.89221
1087.0,-8.064003,-34.885757
723.0,-8.068832,-34.896023
936.0,-8.0721245,-34.892452
2668.0,-8.070634,-34.89739
1898.0,-8.070139,-34.896217
981.0,-8.066841,-34.893898
1155.0,-8.069546,-34.890953
1453.0,-8.061262,-34.904015
2301.0,-8.0701685,-34.8936
1606.0,-8.070354,-34.901096
2900.0,-8.077296,-34.89845
1355.0,-8.068637,-34.896496
1217.0,-8.073676,-34.89081
86.0,-8.069949,-34.896202
2032.0,-8.071652,-34.89122
680.0,-8.074421,-34.900406
1556.0,-8.077361,-34.89942
868.0,-8.069486,-34.894764
544.0,-8.065094,-34.89276
23.0,-8.07003,-34.896255
1576.0,-8.07246,-34.896576
2572.0,-8.070828,-34.89197
1666.0,-8.07382,-34.898746
894.0,-8.065102,-34.901474
1267.0,-8.073722,-34.90068
639.0,-8.064987,-34.897373
2520.0,-8.075888,-34.896152
628.0,-8.066752,-34.89396
2530.0,-8.077484,-34.899494
330.0,-8.075755,-34.896023
2195.0,-8.068961,-34.88991
50.0,-8.070374,-34.896313
377.0,-8.06889,-34.89589
1520.0,-8.07289,-34.89673
1475.0,-8.063961,-34.88585
1660.0,-8.070625,-34.90111
770.0,-8.069028,-34.88856
2634.0,-8.065733,-34.892048
1323.0,-8.068554,-34.896732
1809.0,-8.068377,-34.89013
2378.0,-8.070814,-34.897156
2016.0,-8.072176,-34.892075
2055.0,-8.066428,-34.89327
1139.0,-8.068398,-34.897118
905.0,-8.068304,-34.889664
2313.0,-8.073394,-34.894516
1969.0,-8.065834,-34.896633
2179.0,-8.062315,-34.887318
635.0,-8.076464,-34.89613
2327.0,-8.0688,-34.889034
2825.0,-8.068738,-34.89616
186.0,-8.069069,-34.895657
1750.0,-8.069868,-34.89668
1936.0,-8.072267,-34.894707
1764.0,-8.070251,-34.897617
1423.0,-8.068882,-34.890675
891.0,-8.062309,-34.887543
1362.0,-8.071487,-34.900906
1768.0,-8.071843,-34.89219
2869.0,-8.075817,-34.900146
1082.0,-8.072374,-34.89657
1042.0,-8.075686,-34.89379
284.0,-8.074504,-34.890945
809.0,-8.074283,-34.890827
382.0,-8.072674,-34.896347
591.0,-8.068899,-34.88883
532.0,-8.071579,-34.891556
775.0,-8.069776,-34.89041
1762.0,-8.076204,-34.899937
1103.0,-8.0620165,-34.902084
1407.0,-8.069348,-34.90079
172.0,-8.070795,-34.896816
2877.0,-8.069417,-34.891
1625.0,-8.070092,-34.89373
1213.0,-8.06843,-34.89019
1560.0,-8.064423,-34.88539
1307.0,-8.062163,-34.887623
2044.0,-8.072091,-34.890984
2597.0,-8.069548,-34.89469
2865.0,-8.065678,-34.88954
872.0,-8.069033,-34.888596
1578.0,-8.070386,-34.896225
2420.0,-8.074715,-34.892048
1804.0,-8.071831,-34.897312
1282.0,-8.065826,-34.89647
456.0,-8.060959,-34.90517
1057.0,-8.06565,-34.886803
2346.0,-8.074736,-34.891254
2912.0,-8.074036,-34.90052
2517.0,-8.068928,-34.88993
458.0,-8.070408,-34.8962
653.0,-8.077477,-34.899445
1731.0,-8.0665655,-34.893543
1230.0,-8.072356,-34.89673
35.0,-8.066526,-34.895237
2320.0,-8.077447,-34.89938
1045.0,-8.075529,-34.89423
2263.0,-8.065137,-34.90148
12.0,-8.076147,-34.895756
334.0,-8.068705,-34.889297
2575.0,-8.068791,-34.896603
240.0,-8.0722475,-34.896965
2035.0,-8.059239,-34.907032
1758.0,-8.069574,-34.89016
765.0,-8.075927,-34.900078
2956.0,-8.07124,-34.9009
1389.0,-8.075691,-34.896095
265.0,-8.068891,-34.888515
1134.0,-8.068545,-34.89698
387.0,-8.069954,-34.89412
1745.0,-8.075984,-34.89627
2024.0,-8.071292,-34.89122
1513.0,-8.069541,-34.898003
219.0,-8.065719,-34.890152
1074.0,-8.069013,-34.8967
1564.0,-8.06874,-34.889095
2421.0,-8.067333,-34.892635
1737.0,-8.070708,-34.89285
1774.0,-8.06083,-34.9052
2134.0,-8.061895,-34.90231
876.0,-8.063428,-34.89648
2927.0,-8.0742035,-34.890404
2886.0,-8.064171,-34.894756
2728.0,-8.069337,-34.896324
539.0,-8.061826,-34.902363
2654.0,-8.062151,-34.887417
1525.0,-8.072138,-34.89701
2884.0,-8.072459,-34.89667
2842.0,-8.072051,-34.892338
830.0,-8.075769,-34.89585
874.0,-8.066353,-34.889446
1051.0,-8.063292,-34.896496
268.0,-8.06434,-34.896877
2237.0,-8.069574,-34.89476
2791.0,-8.0608635,-34.90517
2590.0,-8.065705,-34.89066
1567.0,-8.069587,-34.894737
2920.0,-8.064272,-34.897385
2415.0,-8.068946,-34.88876
1574.0,-8.06953,-34.897903
2605.0,-8.065502,-34.88673
1826.0,-8.068499,-34.900833
1491.0,-8.068487,-34.896553
2455.0,-8.068761,-34.89975
1873.0,-8.068406,-34.892082
2026.0,-8.073677,-34.898182
1710.0,-8.062836,-34.901604
2061.0,-8.075583,-34.895943
659.0,-8.07217,-34.89462
2790.0,-8.065726,-34.88935
374.0,-8.068218,-34.896667
933.0,-8.077176,-34.899616
2493.0,-8.069513,-34.897102
1945.0,-8.068602,-34.891342
107.0,-8.072282,-34.892307
1818.0,-8.064765,-34.88537
1904.0,-8.074205,-34.89089
1053.0,-8.077139,-34.899628
2571.0,-8.070939,-34.891983
594.0,-8.074693,-34.90036
39.0,-8.061955,-34.90214
1120.0,-8.074689,-34.893864
535.0,-8.070027,-34.893948
2874.0,-8.076598,-34.89693
486.0,-8.068825,-34.888905
1348.0,-8.072972,-34.90082
133.0,-8.072959,-34.8969
1932.0,-8.0697,-34.895504
949.0,-8.073728,-34.890972
758.0,-8.062707,-34.88854
1593.0,-8.074398,-34.90041
693.0,-8.061816,-34.90235
2772.0,-8.069942,-34.897697
524.0,-8.066838,-34.89418
2891.0,-8.071774,-34.89738
1467.0,-8.070341,-34.901127
2175.0,-8.072334,-34.896378
1048.0,-8.0689,-34.89015
1368.0,-8.065933,-34.88934
838.0,-8.068466,-34.891098
1619.0,-8.071093,-34.891834
2329.0,-8.064968,-34.88717
2078.0,-8.072778,-34.890896
1153.0,-8.065821,-34.89189
2541.0,-8.072076,-34.89194
825.0,-8.070052,-34.898216
2423.0,-8.072087,-34.892166
1039.0,-8.073105,-34.9007
1515.0,-8.077439,-34.898846
1006.0,-8.070654,-34.901073
766.0,-8.075804,-34.896164
53.0,-8.075492,-34.893684
1260.0,-8.072254,-34.89464
335.0,-8.072304,-34.896965
386.0,-8.072429,-34.89472
880.0,-8.068652,-34.890285
903.0,-8.0688305,-34.896168
974.0,-8.0655575,-34.89356
2148.0,-8.069269,-34.88978
2033.0,-8.069737,-34.896168
2364.0,-8.0748825,-34.891273
1402.0,-8.069573,-34.89739
1532.0,-8.066781,-34.89363
476.0,-8.07482,-34.891342
1727.0,-8.075311,-34.90033
2278.0,-8.062789,-34.88853
468.0,-8.075699,-34.900013
479.0,-8.076127,-34.896034
2803.0,-8.067306,-34.896976
232.0,-8.065335,-34.887074
215.0,-8.065469,-34.887756
2233.0,-8.077418,-34.89934
2478.0,-8.065484,-34.887493
2619.0,-8.068761,-34.8906
6.0,-8.06942,-34.894966
2373.0,-8.077322,-34.89871
1931.0,-8.066233,-34.888916
1610.0,-8.065709,-34.890255
77.0,-8.064073,-34.8882
2340.0,-8.069853,-34.894176
2430.0,-8.0666895,-34.895084
2723.0,-8.071887,-34.891857
1504.0,-8.070865,-34.90104
2253.0,-8.063831,-34.894146
1083.0,-8.063937,-34.894344
1145.0,-8.069791,-34.8965
2709.0,-8.064605,-34.88566
2624.0,-8.072549,-34.89281
1480.0,-8.070131,-34.893677
2569.0,-8.074101,-34.900547
970.0,-8.066961,-34.893093
1331.0,-8.077106,-34.898495
562.0,-8.069565,-34.894993
2119.0,-8.070406,-34.893253
90.0,-8.063178,-34.886517
1629.0,-8.064432,-34.896877
1225.0,-8.063888,-34.89431
2775.0,-8.075248,-34.892853
2586.0,-8.072417,-34.896637
2665.0,-8.075616,-34.896416
430.0,-8.06454,-34.896862
779.0,-8.06091,-34.90516
289.0,-8.077547,-34.89939
2547.0,-8.075659,-34.90017
2925.0,-8.0721655,-34.891502
7.0,-8.070131,-34.8901
311.0,-8.0689125,-34.88875
888.0,-8.0692835,-34.898415
1411.0,-8.0656595,-34.89062
1725.0,-8.060866,-34.905197
1611.0,-8.076592,-34.896503
2424.0,-8.077258,-34.899597
2929.0,-8.064939,-34.887417
220.0,-8.077034,-34.898113
89.0,-8.07374,-34.900627
2481.0,-8.067123,-34.893227
112.0,-8.063165,-34.88652
789.0,-8.070507,-34.89669
2106.0,-8.067155,-34.896767
2735.0,-8.0764675,-34.896446
1286.0,-8.077018,-34.89959
2133.0,-8.067272,-34.896973
244.0,-8.076526,-34.896202
101.0,-8.068608,-34.89003
2255.0,-8.065642,-34.8924
204.0,-8.066501,-34.895317
1815.0,-8.069527,-34.890533
2473.0,-8.070652,-34.896217
2232.0,-8.067026,-34.896027
1706.0,-8.076917,-34.897743
1178.0,-8.072587,-34.896294
2307.0,-8.065758,-34.89346
123.0,-8.068967,-34.888706
924.0,-8.066627,-34.893448
2466.0,-8.0701,-34.89367
1836.0,-8.064002,-34.89459
2293.0,-8.069486,-34.89091
1291.0,-8.061576,-34.90261
2642.0,-8.072574,-34.89271
1618.0,-8.072637,-34.896248
2883.0,-8.070812,-34.896603
986.0,-8.072822,-34.896652
799.0,-8.072767,-34.89564
1246.0,-8.068566,-34.889343
811.0,-8.064328,-34.894825
823.0,-8.069243,-34.8955
1947.0,-8.076338,-34.899925
2638.0,-8.068795,-34.890522
1712.0,-8.068647,-34.889267
161.0,-8.073813,-34.898617
2060.0,-8.07471,-34.891415
1892.0,-8.071206,-34.89196
663.0,-8.067361,-34.893356
528.0,-8.0721655,-34.89111
1128.0,-8.06963,-34.897278
2141.0,-8.069036,-34.890575
882.0,-8.068445,-34.88961
1894.0,-8.069906,-34.89402
1496.0,-8.075525,-34.893845
1929.0,-8.076989,-34.898426
1528.0,-8.069404,-34.890778
342.0,-8.076518,-34.89657
95.0,-8.0757065,-34.900177
1630.0,-8.0683155,-34.890545
2640.0,-8.077063,-34.89844
142.0,-8.075631,-34.900036
432.0,-8.071667,-34.897366
2041.0,-8.075702,-34.90016
82.0,-8.066738,-34.893055
336.0,-8.072593,-34.89586
1073.0,-8.070121,-34.90109
436.0,-8.074098,-34.890602
2226.0,-8.071023,-34.891773
991.0,-8.070643,-34.90109
1222.0,-8.070467,-34.896706
542.0,-8.069705,-34.890667
1162.0,-8.068793,-34.88873
1151.0,-8.072188,-34.89498
1301.0,-8.067365,-34.89318
1429.0,-8.061768,-34.902416
1716.0,-8.063247,-34.901516
862.0,-8.071379,-34.900867
2135.0,-8.068881,-34.89585
2882.0,-8.071135,-34.89194
2770.0,-8.06916,-34.89857
1098.0,-8.070914,-34.896812
2311.0,-8.067048,-34.894066
1867.0,-8.073046,-34.890705
1179.0,-8.073652,-34.893967
1652.0,-8.068617,-34.90017
1198.0,-8.074656,-34.90035
2181.0,-8.075484,-34.900173
745.0,-8.065445,-34.88746
696.0,-8.074602,-34.900333
1845.0,-8.064528,-34.88545
609.0,-8.068399,-34.890373
361.0,-8.065458,-34.887333
2496.0,-8.075956,-34.89998
510.0,-8.071323,-34.89122
2581.0,-8.070807,-34.901077
2064.0,-8.066057,-34.89687
2468.0,-8.072206,-34.896904
376.0,-8.069657,-34.890884
1112.0,-8.075491,-34.89589
1204.0,-8.065302,-34.88687
2344.0,-8.066014,-34.893063
856.0,-8.065534,-34.89232
1613.0,-8.075788,-34.89605
390.0,-8.073907,-34.89066
2525.0,-8.076119,-34.895924
2345.0,-8.063772,-34.901527
2467.0,-8.069634,-34.895073
274.0,-8.063104,-34.886528
607.0,-8.075633,-34.900227
340.0,-8.073441,-34.900658
2740.0,-8.062344,-34.887386
1594.0,-8.072635,-34.89654
2784.0,-8.073315,-34.8982
400.0,-8.06214,-34.887352
704.0,-8.075563,-34.89587
2817.0,-8.068943,-34.897972
940.0,-8.071926,-34.897263
678.0,-8.069598,-34.894936
2850.0,-8.07462,-34.90039
306.0,-8.072161,-34.892212
1919.0,-8.065673,-34.892147
1062.0,-8.072014,-34.894848
1552.0,-8.075352,-34.89299
504.0,-8.076473,-34.896122
1007.0,-8.067072,-34.893463
2459.0,-8.068702,-34.900642
973.0,-8.07704,-34.898464
395.0,-8.069804,-34.896698
170.0,-8.060305,-34.905922
2117.0,-8.070514,-34.892582
1841.0,-8.074466,-34.900406
92.0,-8.067256,-34.892498
1340.0,-8.0720215,-34.894196
2937.0,-8.0766325,-34.89659
1228.0,-8.07229,-34.894676
568.0,-8.073264,-34.90081
2146.0,-8.074513,-34.89189
969.0,-8.072282,-34.896793
148.0,-8.068756,-34.900482
1018.0,-8.065753,-34.89715
832.0,-8.072462,-34.896587
437.0,-8.065652,-34.892536
864.0,-8.064454,-34.893524
1880.0,-8.063106,-34.89588
2460.0,-8.075876,-34.900127
899.0,-8.073503,-34.897385
2475.0,-8.070015,-34.89773
2635.0,-8.069901,-34.897064
2744.0,-8.072375,-34.89219
351.0,-8.072323,-34.896847
681.0,-8.071193,-34.89166
1459.0,-8.0641165,-34.88818
1377.0,-8.069086,-34.895782
957.0,-8.0692425,-34.895588
889.0,-8.066179,-34.888977
1189.0,-8.067172,-34.896996
2661.0,-8.074742,-34.900314
1789.0,-8.070035,-34.896477
1715.0,-8.066709,-34.89354
2357.0,-8.065533,-34.887306
2264.0,-8.063301,-34.895775
493.0,-8.072947,-34.896587
1285.0,-8.063105,-34.88649
2324.0,-8.069595,-34.89487
2370.0,-8.075585,-34.89551
2711.0,-8.073496,-34.897293
732.0,-8.069014,-34.900723
2794.0,-8.069229,-34.8953
1541.0,-8.070265,-34.897087
416.0,-8.065281,-34.88714
675.0,-8.068534,-34.89124
1765.0,-8.074248,-34.89086
1632.0,-8.074799,-34.89173
1908.0,-8.062883,-34.90151
2506.0,-8.075708,-34.90006
1916.0,-8.07307,-34.896618
555.0,-8.065848,-34.89186
443.0,-8.068877,-34.89609
2795.0,-8.072351,-34.89694
455.0,-8.068495,-34.89704
735.0,-8.070575,-34.893173
2379.0,-8.069166,-34.890873
1827.0,-8.070503,-34.896847
771.0,-8.067182,-34.896587
1983.0,-8.074618,-34.89104
1226.0,-8.072952,-34.896072
1547.0,-8.075964,-34.89458
1283.0,-8.064495,-34.88547
2130.0,-8.070331,-34.896423
519.0,-8.070067,-34.8965
746.0,-8.073124,-34.896896
296.0,-8.0688095,-34.890934
2616.0,-8.069456,-34.894978
1335.0,-8.070415,-34.90114
1337.0,-8.071191,-34.89187
753.0,-8.070879,-34.891705
1861.0,-8.070102,-34.8938
1602.0,-8.069232,-34.895374
1383.0,-8.067767,-34.896603
1111.0,-8.068515,-34.890472
1212.0,-8.074864,-34.891365
1373.0,-8.068347,-34.896873
1780.0,-8.072854,-34.897137
2121.0,-8.077331,-34.89892
2099.0,-8.072162,-34.900856
452.0,-8.075714,-34.900204
1984.0,-8.07033,-34.901146
814.0,-8.074047,-34.89066
65.0,-8.077008,-34.898483
1046.0,-8.075674,-34.895565
431.0,-8.074344,-34.90023
1166.0,-8.061346,-34.9039
551.0,-8.072432,-34.894882
88.0,-8.06858,-34.896862
407.0,-8.069279,-34.89084
512.0,-8.062115,-34.88778
2902.0,-8.071464,-34.900894
887.0,-8.076575,-34.896553
1980.0,-8.065781,-34.890034